Anlage,Datum,Temperatur,Luftfeuchtigkeit
Machine 1,2023-01-13,18.57812979167618,79.81925508894163
Machine 1,2023-01-23,-2.681842659461256,58.155084435669146
Machine 2,2023-10-24,16.48556630640407,79.46660957267135
Machine 1,2023-10-10,27.792582718804823,34.19883394577502
Machine 3,2023-12-03,5.0650531092356506,59.31824594809467
Machine 4,2023-09-04,19.028010286837706,77.35150369383828
Machine 1,2023-05-02,16.82487398234719,74.96152785028625
Machine 1,2023-09-05,15.254757397811792,39.7481745802293
Machine 4,2023-02-16,29.986968121257767,69.2961309949559
Machine 1,2023-04-24,11.876075295896424,74.49891269291456
Machine 3,2023-07-27,33.81936836230583,56.38371673087697
Machine 4,2023-11-14,8.171876648401673,31.345396592097647
Machine 1,2023-12-13,11.62343720150539,70.94058801009862
Machine 3,2023-02-11,30.18043029662529,61.40512522192228
Machine 4,2023-12-24,-1.959926500307561,48.98712499278287
Machine 5,2023-04-10,25.48963549256679,75.91632805576037
Machine 2,2023-09-15,17.402866413173157,33.13976954423309
Machine 4,2023-05-25,8.941531784390078,42.838971768752856
Machine 1,2023-06-13,22.09719735216391,76.93699691067536
Machine 3,2023-05-05,14.743861489215517,64.8015206992635
Machine 3,2023-09-13,5.290453863061907,78.05566933576011
Machine 3,2023-06-13,11.467788788503675,56.187801351876416
Machine 3,2023-01-16,6.941749779002832,45.041754984941264
Machine 5,2023-08-06,7.978011561304069,68.71440867623207
Machine 5,2023-05-01,2.688019709631879,80.33461958061179
Machine 2,2023-08-02,26.036164299431924,57.456900450521225
Machine 1,2023-04-15,34.93436222444016,80.2126252342677
Machine 1,2023-07-22,6.86769077486119,76.29793291791563
Machine 1,2023-06-28,19.940668644977936,84.0571428816023
Machine 5,2023-03-31,31.57365128154564,73.97955677726313
Machine 3,2023-01-23,19.2913251147575,51.86846006987561
Machine 3,2023-06-28,10.831273297208224,78.30567824630378
Machine 3,2023-05-31,7.817894712989819,73.92158779770794
Machine 4,2023-02-01,30.37014387361555,41.906877786439104
Machine 3,2023-03-02,14.008716839782617,65.7896653497323
Machine 4,2023-08-30,17.98665988743496,32.96652399978536
Machine 3,2023-04-11,16.23861555768377,35.54120359506622
Machine 1,2023-02-09,8.925564167689991,56.58923134270091
Machine 4,2023-08-22,19.00412284744587,50.19798714939877
Machine 4,2023-02-05,26.310511128035152,36.29514078934069
Machine 4,2023-01-16,-0.4529672299643446,73.18158646056445
Machine 1,2023-04-05,10.273421812966422,49.58415028236721
Machine 4,2023-09-04,7.099831874981994,73.99145293864007
Machine 2,2023-09-23,19.336397406569453,85.92812597740678
Machine 3,2023-03-04,16.51734933462601,30.53168239849998
Machine 2,2023-04-03,5.863725451361271,77.45379854733125
Machine 4,2023-08-12,-3.706477858042768,41.57455765762394
Machine 3,2023-08-11,-0.248655735509943,38.0703060662095
Machine 2,2023-06-06,13.684220478211897,87.06886233731697
Machine 1,2023-12-28,15.83146598503405,32.38000650953989
Machine 3,2023-04-26,17.010528644550366,42.13650707916865
Machine 3,2023-11-28,14.46114025577325,73.9251491153967
Machine 1,2023-02-27,9.719953763786416,30.56030260008576
Machine 2,2023-10-27,14.761886824554711,38.17154305275727
Machine 4,2023-10-07,8.509072186679482,67.97065468955137
Machine 2,2023-08-25,1.3218206718974654,81.3496027081951
Machine 4,2023-01-03,27.81287760002114,63.93824407385512
Machine 5,2023-12-13,-0.924151256804116,74.41463329497513
Machine 1,2023-06-13,20.632522401056185,49.64285146419103
Machine 2,2023-06-09,7.299388688360278,52.25141602987627
Machine 2,2023-10-02,-1.7493446150015135,55.38623820673587
Machine 4,2023-10-25,33.84346079744196,65.51391507401462
Machine 3,2023-06-28,12.44001751483249,36.79975918531278
Machine 5,2023-10-20,19.05376076339077,89.48342986119005
Machine 1,2023-07-24,23.29642011621164,69.77264991807968
Machine 5,2023-01-29,6.797234767880525,89.31595590063168
Machine 2,2023-07-21,11.457098350349604,67.12945147430193
Machine 1,2023-08-13,16.92909712981792,78.70675222881911
Machine 2,2023-09-02,5.027444163526237,77.60155970913871
Machine 4,2023-07-20,5.116216485236659,82.92425253033568
Machine 5,2023-09-14,30.14677889917146,72.2066874473181
Machine 4,2023-07-18,1.6306977580096351,87.52930203316387
Machine 2,2023-08-18,8.815630646378494,86.35970712724675
Machine 3,2023-12-20,-1.170803246073148,35.20768658284937
Machine 1,2023-07-05,3.021860309216075,79.88627464668535
Machine 3,2023-03-16,5.885993175242438,35.08747862352936
Machine 4,2023-03-08,25.00812389434534,55.07511268661538
Machine 5,2023-07-30,13.286241242910595,51.99259833705503
Machine 5,2023-03-03,13.857144472965446,68.27053412351205
Machine 4,2023-08-27,15.377681774412588,46.69466086433847
Machine 5,2023-09-03,22.272083796800317,86.14955351636476
Machine 2,2023-08-11,11.212724477574843,46.77530107390099
Machine 1,2023-03-20,6.300296387636374,53.50109791368861
Machine 4,2023-11-12,-3.186410153909987,71.56633912770633
Machine 2,2023-06-07,13.297853864622049,35.58921161956565
Machine 4,2023-05-08,18.122063437705343,54.99881654588507
Machine 2,2023-01-21,31.89568648787416,50.00390294814383
Machine 2,2023-10-04,9.736797918464733,86.32981912682715
Machine 5,2023-02-15,17.027243367279727,40.658216015293775
Machine 3,2023-09-22,7.800304858083134,35.8857361524306
Machine 4,2023-03-10,12.647131996701168,83.45387019393091
Machine 3,2023-08-18,20.88392190385555,76.02413010732366
Machine 4,2023-10-12,18.585108830649467,40.89289324290835
Machine 4,2023-11-24,11.697131618374431,60.22514032286524
Machine 1,2023-03-24,4.704973232855508,76.38779813098972
Machine 3,2023-06-06,18.868651358135303,50.775570935652205
Machine 1,2023-01-23,6.227303108909881,33.913164931197365
Machine 1,2023-02-05,3.2594829972777277,61.03629379707002
Machine 2,2023-02-14,11.794758749562185,40.52260764867523
Machine 4,2023-03-04,26.4212465816104,51.2561534167945
Machine 3,2023-02-08,7.810893116632445,48.37590310854175
Machine 2,2023-06-01,15.65889097872866,67.16632401732736
Machine 4,2023-04-02,32.120340515959555,75.13598009396517
Machine 1,2023-11-09,0.6320389514107214,74.54066728995798
Machine 2,2023-01-23,9.430329078279106,70.09302593407182
Machine 3,2023-12-17,13.967331580316028,35.46774294506588
Machine 4,2023-02-17,16.092805989514957,74.27324006627461
Machine 5,2023-02-16,15.126953270242677,44.13656160782418
Machine 1,2023-06-27,14.444426488965998,64.075314703488
Machine 5,2023-02-23,27.97936010811235,54.45304264533907
Machine 3,2023-12-30,4.192165898154174,53.04400016603965
Machine 4,2023-02-19,17.32086100862873,40.1617872532776
Machine 1,2023-08-24,17.98332035762431,53.79978101692427
Machine 3,2023-05-05,3.216203481383147,37.57472163592679
Machine 2,2023-09-30,15.213011914277986,88.14688425966608
Machine 2,2023-11-21,5.260342398405939,57.64593955233104
Machine 4,2023-01-08,19.491051754659573,42.4946056171328
Machine 1,2023-11-17,16.878612130452268,83.88102789323251
Machine 4,2023-03-19,18.892058588702024,53.77613159121845
Machine 1,2023-10-11,11.640062529422648,39.47736389358569
Machine 4,2023-11-07,15.201654323838143,84.55749806829564
Machine 1,2023-07-23,6.623713723464435,59.88294279457128
Machine 1,2023-12-09,5.24386771725575,64.36030103799897
Machine 5,2023-03-06,14.831925184743216,84.33554583490339
Machine 4,2023-02-15,10.15518971705693,84.76956177961866
Machine 1,2023-10-26,24.756312096165853,53.40352431587048
Machine 4,2023-06-06,16.601482271495463,49.15935815455543
Machine 1,2023-04-24,12.737745628424314,71.36385035574429
Machine 2,2023-06-13,32.519610244497514,54.21893825130426
Machine 5,2023-03-30,29.34174722765489,41.9677900323743
Machine 2,2023-02-04,10.19796555063428,60.59706866234026
Machine 2,2023-07-10,18.304142431750485,58.57462777544354
Machine 1,2023-09-10,2.3679979126792468,40.56814324565994
Machine 3,2023-09-28,21.94035746610845,56.08474877209133
Machine 5,2023-08-31,-4.5244397460615735,59.71682503424597
Machine 3,2023-06-06,15.287297477738818,63.860256506494586
Machine 4,2023-10-16,3.552636720508275,88.12012324544915
Machine 2,2023-01-25,13.692857347582466,41.19252378640314
Machine 5,2023-06-22,6.225999630592722,34.53343494450066
Machine 5,2023-12-28,5.491382736496871,88.37351263869509
Machine 4,2023-07-07,-4.440772162386086,72.30967121356987
Machine 3,2023-12-03,9.052875481531611,53.77774785097452
Machine 4,2023-08-23,11.79103475636076,74.17840072324364
Machine 2,2023-12-31,5.247884144824013,30.591004511254564
Machine 5,2023-06-09,8.77317247226883,39.11391601324591
Machine 5,2023-11-27,0.585096989320288,69.74260469408162
Machine 5,2023-06-14,-4.334037493139628,72.15609445559357
Machine 2,2023-02-18,10.830354369729308,50.82899361115175
Machine 5,2023-10-05,18.61785493877669,35.92921870496192
Machine 4,2023-09-17,16.74968240730421,61.90665554333156
Machine 1,2023-09-12,7.336645360000171,80.3477208969913
Machine 4,2023-09-10,6.664469220536042,60.32573755241579
Machine 5,2023-10-30,1.3963269842589945,47.64746338646677
Machine 2,2023-09-03,18.26532359574912,34.60824011028796
Machine 5,2023-06-22,16.654154185957516,88.0598012694995
Machine 5,2023-01-17,30.65532594565719,33.50272018382869
Machine 2,2023-06-07,2.760851269138252,33.733948391004624
Machine 4,2023-08-17,6.101558663596928,34.058558087164684
Machine 2,2023-06-16,19.251730764616877,61.54751324350244
Machine 5,2023-07-20,19.61051267842179,48.52979485933149
Machine 4,2023-04-22,23.670179327466183,86.24861622903798
Machine 4,2023-06-17,9.550873186306212,85.16990424841185
Machine 3,2023-07-18,34.60162162445627,48.273904862044425
Machine 4,2023-02-28,23.524625731911296,77.03081865380952
Machine 5,2023-11-25,12.91346694094774,33.38979271690233
Machine 2,2023-12-06,8.465219370483286,36.44950870473506
Machine 3,2023-03-22,25.281044545707147,47.90761006286468
Machine 3,2023-05-11,13.589990600885294,49.72707830193699
Machine 4,2023-10-07,6.637769532965852,59.36609887059632
Machine 2,2023-10-19,16.691256683247463,47.44648536345515
Machine 3,2023-09-25,19.53903731993388,83.80310597013201
Machine 3,2023-01-27,8.461139348551534,80.5586024612928
Machine 5,2023-10-15,4.235452627858653,58.16961890711361
Machine 3,2023-03-06,-3.689835138621274,69.96127053264041
Machine 4,2023-04-20,19.454321941272468,33.34800992176197
Machine 2,2023-08-29,13.495382697579096,35.9753688030525
Machine 5,2023-01-20,29.480089869326516,67.7966900798018
Machine 3,2023-09-18,7.230569357419367,69.53756136072727
Machine 5,2023-07-05,25.498821245238712,54.57431483665997
Machine 4,2023-05-17,15.847861120518475,89.24902979873681
Machine 2,2023-08-26,19.654803589600093,80.18324603868676
Machine 4,2023-08-25,14.595866166901326,59.17241057650558
Machine 4,2023-06-12,29.845147872830537,81.30478656489116
Machine 3,2023-11-13,7.281678567835421,44.39371881407192
Machine 4,2023-01-24,8.907820379971504,49.819544204263096
Machine 2,2023-06-02,9.50012743065752,45.62197334014651
Machine 2,2023-10-16,1.980786472772428,55.0262038045888
Machine 3,2023-05-20,19.757040647021867,80.87780677697643
Machine 2,2023-03-08,14.729760800199523,85.4525443196809
Machine 1,2023-05-08,11.7345716130862,58.02011387090673
Machine 5,2023-06-22,12.969932222821845,51.26407555345296
Machine 5,2023-07-13,10.13547372370184,51.25889685635269
Machine 4,2023-07-30,5.101206378377926,44.98206519401563
Machine 2,2023-02-26,18.043129378711484,61.15614299902458
Machine 3,2023-04-01,0.1590041653527976,89.92626805661524
Machine 4,2023-07-14,5.99207683725877,35.50720617408737
Machine 3,2023-01-07,28.444449594326706,75.15883747625452
Machine 1,2023-02-19,19.996651952396828,33.66694097751571
Machine 2,2023-01-14,16.982265904724784,73.97751107435302
Machine 1,2023-04-15,18.606408517313515,51.33387545924723
Machine 2,2023-05-27,14.02207382616809,45.07471464026012
Machine 5,2023-02-12,32.351152952827974,40.08986347093632
Machine 3,2023-12-02,29.104312435584998,89.89956585907478
Machine 1,2023-10-21,13.441020838663867,48.56380335887047
Machine 4,2023-01-30,18.86475217319531,40.865326207512986
Machine 3,2023-01-27,16.16362113470582,70.87856387876614
Machine 5,2023-09-05,26.55203951583356,55.654098292961066
Machine 3,2023-11-07,11.480417396727308,51.81314515454426
Machine 3,2023-10-12,24.775538143442898,72.75948315425096
Machine 1,2023-03-12,12.253816206480067,60.782900296359465
Machine 1,2023-12-07,13.319587299714817,51.86763627466848
Machine 3,2023-12-16,7.801132143070044,34.95703973174248
Machine 3,2023-04-17,34.642316544390255,88.97003673650653
Machine 3,2023-12-30,9.264306028502842,36.21861482003847
Machine 4,2023-12-24,6.2193366656689175,32.4065037561299
Machine 5,2023-06-19,11.431345055623568,60.05894250810943
Machine 1,2023-11-27,10.007875940392386,74.53709512719092
Machine 3,2023-07-06,18.02920124253769,49.72086971757776
Machine 3,2023-12-15,-1.2444792434777812,81.344346553436
Machine 4,2023-09-25,15.055529963889898,61.676791859220046
Machine 1,2023-12-16,7.036804756764092,50.28538400476611
Machine 1,2023-07-03,9.732730022193088,33.46441658324393
Machine 2,2023-09-02,14.854545729559884,72.89484173402252
Machine 2,2023-11-28,0.2833432313543058,87.15668400831707
Machine 1,2023-06-20,29.342878051038177,65.61764672150326
Machine 1,2023-02-14,2.8788484171051536,37.507858380580686
Machine 3,2023-02-25,16.560470503487476,55.85133971260948
Machine 3,2023-10-11,-1.0091129115456647,72.74998237079875
Machine 3,2023-01-08,7.881788690433277,31.363141863613357
Machine 5,2023-07-01,13.015371068762708,68.67460975612951
Machine 3,2023-10-19,26.513536664846043,48.54006157425221
Machine 3,2023-02-02,13.768238546021571,54.86363535252272
Machine 4,2023-09-22,16.911718024348424,43.51887777683703
Machine 5,2023-07-31,11.625973340717572,32.77488199163741
Machine 4,2023-06-21,15.519005015268409,64.81858301899341
Machine 5,2023-07-19,15.617353645625478,88.97128338942997
Machine 5,2023-05-30,18.95930815503048,51.65034900520868
Machine 5,2023-10-23,8.161993465880384,82.50173723742427
Machine 5,2023-12-18,6.188394970375743,52.75679172788574
Machine 4,2023-09-05,10.178506087730495,48.608462011371785
Machine 3,2023-03-30,8.691385833382814,77.23144294939024
Machine 4,2023-08-18,6.952388451723787,82.07191389054552
Machine 2,2023-05-20,-1.359085796990625,86.98473252669518
Machine 5,2023-12-17,21.89627804084881,43.2652724327399
Machine 1,2023-03-31,21.74832558228363,81.16134058634222
Machine 5,2023-08-13,18.09973096911685,82.92417842688201
Machine 2,2023-10-24,15.301795857964798,85.17969931972446
Machine 1,2023-04-02,9.441268810485,88.24339952595832
Machine 1,2023-06-01,33.7410075571926,83.0745611844574
Machine 4,2023-08-04,17.26100272616425,64.2793440850272
Machine 4,2023-05-31,15.109384066141118,44.13805558061448
Machine 5,2023-12-25,34.038012603968355,54.959640223134585
Machine 1,2023-01-12,18.792011542192164,76.8681340431748
Machine 2,2023-06-15,6.078540229085719,73.31511223846658
Machine 3,2023-10-31,-1.6511544141165224,73.13723842184126
Machine 4,2023-06-27,17.525609502236357,64.93370963235165
Machine 1,2023-04-24,13.859506922479108,86.43899872806689
Machine 2,2023-04-09,31.321177590494504,66.96177482547884
Machine 5,2023-09-21,9.256139483454236,48.043194751902135
Machine 3,2023-04-01,-1.8051763288566696,80.29780591096363
Machine 5,2023-07-08,23.31297483708235,55.18149486135867
Machine 3,2023-04-24,11.670734622828526,51.48879630844161
Machine 2,2023-03-13,18.24176259968062,77.08091254085966
Machine 4,2023-12-21,9.351245646211936,89.11529401837575
Machine 3,2023-09-08,1.337150524297786,31.883478459002625
Machine 5,2023-07-03,8.135203048767883,65.3852291545587
Machine 2,2023-02-02,28.32834948358921,59.16050031902803
Machine 3,2023-04-08,11.677426317296096,65.46901243163217
Machine 1,2023-05-10,-0.454965393997421,82.49849556587603
Machine 3,2023-09-12,16.302638400114834,50.23890439176391
Machine 4,2023-10-28,19.53512912694268,73.84702679716659
Machine 5,2023-07-12,30.42631799473064,84.1450918686524
Machine 3,2023-03-26,0.6387028557771544,33.7149883863884
Machine 5,2023-07-01,26.862060354742177,41.19498395767784
Machine 1,2023-10-17,10.705854647197445,31.05628386032269
Machine 2,2023-05-08,19.798427055929,65.62046827506157
Machine 3,2023-10-11,21.50316449649616,83.4329781162474
Machine 3,2023-03-03,29.853212352100517,51.89867046077408
Machine 3,2023-08-09,-0.842197942078375,37.98927753124609
Machine 2,2023-06-24,15.32718307313704,34.75539880921856
Machine 5,2023-08-29,18.08698998209456,58.96300146079581
Machine 2,2023-08-09,7.603465327561033,43.85114955049946
Machine 3,2023-03-02,18.000794720017012,33.203948448189074
Machine 4,2023-04-12,18.564166813855355,44.26405468283913
Machine 5,2023-03-21,7.625465042198197,32.18872682705026
Machine 3,2023-02-08,13.776213403646082,36.717841945596525
Machine 4,2023-02-26,30.15026175509649,63.55364323648658
Machine 2,2023-10-26,1.7834966708767783,81.94372676421803
Machine 4,2023-02-21,21.867427175897816,38.39429711370855
Machine 5,2023-05-06,9.463759622945574,73.15624043267479
Machine 2,2023-12-18,1.38296995872982,81.47684366808818
Machine 2,2023-09-04,5.719396174793249,62.56605056914524
Machine 2,2023-07-07,15.063099086913748,35.73777656102546
Machine 3,2023-09-09,10.57524799577737,77.48096463476574
Machine 5,2023-03-13,29.03251733106906,81.2674924658591
Machine 4,2023-08-23,10.165680420704344,68.44564422991046
Machine 5,2023-08-27,13.075514526116732,66.57120989688735
Machine 1,2023-08-31,18.010141626212665,62.7971147363491
Machine 5,2023-05-28,6.770491768829656,77.28978356630739
Machine 4,2023-07-25,-2.210625258387378,68.86248510176048
Machine 5,2023-03-02,20.657874881815065,81.58025150879006
Machine 2,2023-07-24,14.800161609378804,58.40091420330332
Machine 4,2023-05-11,4.96392262808153,85.76481067874883
Machine 2,2023-07-23,7.085700109389999,81.46625932064894
Machine 3,2023-11-11,16.569044724601635,40.17709161777845
Machine 3,2023-11-07,-1.9386718902389437,74.261908182239
Machine 3,2023-08-12,27.86600779456273,77.00318447927684
Machine 3,2023-06-08,28.06979428794112,82.83680232132444
Machine 5,2023-05-21,5.018502059850663,57.79028560610077
Machine 1,2023-01-25,4.009700665061832,81.30390557192786
Machine 2,2023-10-06,22.18407636498423,86.07575469455404
Machine 3,2023-05-09,7.548819834906101,82.82016826551478
Machine 1,2023-07-04,19.648778387707655,79.7578133010816
Machine 5,2023-04-26,11.072476738026404,56.3576090647477
Machine 3,2023-09-01,11.18938328746566,88.50927457572612
Machine 1,2023-12-08,8.519064209969738,73.63806971115187
Machine 5,2023-09-23,8.163082006885828,34.98255021769768
Machine 5,2023-11-11,10.77738144640087,34.70314410801577
Machine 3,2023-06-18,19.75676810365017,85.06478622227951
Machine 5,2023-12-06,12.523824721285589,87.42954278748721
Machine 3,2023-07-10,19.877787305079373,38.28502045423916
Machine 4,2023-09-18,16.25341572136172,44.67438498416216
Machine 3,2023-06-12,4.074402221829484,84.5333608917213
Machine 4,2023-05-13,19.636438871076017,55.067991265082256
Machine 4,2023-03-03,28.07221581208381,43.52000518244644
Machine 2,2023-04-26,33.387342255919435,84.67148322167577
Machine 1,2023-09-24,26.356159041767345,49.67050857966152
Machine 3,2023-12-15,22.43086764985192,67.77622638078884
Machine 2,2023-11-19,-2.4095980264167727,67.40768571305689
Machine 2,2023-11-20,13.454831365227816,34.565954469136706
Machine 3,2023-09-22,7.027524183247762,85.71546454301003
Machine 3,2023-10-02,15.823802931127483,80.18893865253077
Machine 5,2023-02-07,21.427831544233584,45.113920993737175
Machine 3,2023-01-26,18.073751413670244,32.57134894426094
Machine 2,2023-02-26,6.6367200166460565,54.57171915482646
Machine 2,2023-08-08,7.34809489691359,38.26019599621471
Machine 5,2023-06-16,26.748037492782156,34.37609465661616
Machine 1,2023-10-14,11.796853822745796,77.88563007392455
Machine 2,2023-12-07,4.639260744695228,72.28270484244527
Machine 2,2023-06-09,6.856625028058627,79.8009112220256
Machine 5,2023-03-09,19.81996330794093,48.63496975454836
Machine 3,2023-08-15,15.481582905335166,41.27336682352757
Machine 5,2023-01-19,25.410027065399785,35.737574950859255
Machine 3,2023-06-16,9.522895576978062,78.3528130448118
Machine 4,2023-11-20,18.65801574618841,42.64826624262508
Machine 1,2023-12-29,17.771083791083576,55.80581090844478
Machine 1,2023-05-02,20.79403134333243,81.85006492367157
Machine 5,2023-12-02,10.774644609954407,39.5257284671261
Machine 5,2023-03-02,18.68174736796378,59.77217501882991
Machine 5,2023-07-31,18.4127431665149,78.1962039408696
Machine 1,2023-05-03,6.959082129658968,65.08370962157906
Machine 5,2023-02-27,11.594798626079838,56.75631275183039
Machine 2,2023-11-18,34.65888049012614,72.03783824122546
Machine 3,2023-12-03,17.756485505263903,61.75501099314124
Machine 4,2023-01-07,12.484148411408668,45.332088376996325
Machine 4,2023-11-28,8.822178954481796,73.32390273303902
Machine 4,2023-06-23,15.558865632123952,80.5704292779774
Machine 1,2023-06-16,14.926030147931518,75.58489813347748
Machine 3,2023-09-18,10.688950991898404,55.33841821226218
Machine 1,2023-01-25,24.825990772784525,49.81116419810304
Machine 3,2023-09-12,7.008467629982738,54.186362547281256
Machine 4,2023-12-03,5.2606484798641215,62.61261003424063
Machine 3,2023-11-14,18.247425710372347,84.74110357809164
Machine 1,2023-09-28,15.131561658245198,66.8122042210772
Machine 2,2023-01-20,8.00956963348807,76.31477421426547
Machine 5,2023-05-04,10.170618364533698,65.6193630537991
Machine 3,2023-09-19,18.968117826761578,53.09278022182475
Machine 4,2023-12-29,-4.011409106179295,49.338074130796976
Machine 1,2023-07-16,16.656697742894558,53.58565364988109
Machine 3,2023-11-17,25.36427005912301,32.6195055405968
Machine 3,2023-12-30,30.58996448406886,81.74772448785224
Machine 3,2023-05-02,15.19443597743948,48.30263842807523
Machine 1,2023-09-09,9.744322102024372,86.0590353572668
Machine 1,2023-04-19,8.940708887580175,46.4331007182238
Machine 5,2023-05-29,7.287895715093416,38.030411003768656
Machine 2,2023-07-31,28.14463667578476,88.91807682380164
Machine 3,2023-02-15,6.542223642307006,82.1173082892224
Machine 1,2023-08-16,7.728381312965764,67.13198791089398
Machine 2,2023-05-16,5.044768285483134,47.84888901386961
Machine 4,2023-04-12,14.292425892496222,50.68387128849622
Machine 2,2023-12-09,6.737957641426018,85.63434981493955
Machine 1,2023-06-06,15.359373835436744,88.34410890283314
Machine 1,2023-03-30,28.19416298338549,88.17117090481254
Machine 1,2023-05-31,9.952776072354297,45.76177552793592
Machine 4,2023-08-13,12.597483320403889,75.75742755131327
Machine 3,2023-05-19,11.434659506163737,41.35579424399846
Machine 5,2023-12-19,18.538939322209767,36.08809526843672
Machine 4,2023-01-28,5.98332265666765,69.44402778506091
Machine 5,2023-03-26,-0.1888417293477013,56.13942634659233
Machine 4,2023-04-09,19.01901491412833,78.36649433371645
Machine 2,2023-10-02,1.2562272161824692,40.77127432498286
Machine 4,2023-09-25,19.62713459205158,58.01665633189728
Machine 1,2023-02-09,19.337680553058146,37.70826043100454
Machine 5,2023-02-27,2.032430365477693,61.64676772949119
Machine 3,2023-01-25,13.725780746171338,68.44009361440081
Machine 5,2023-03-14,6.3276416455104005,85.50943207108382
Machine 3,2023-11-11,-2.7974853395286443,64.10221963006236
Machine 2,2023-02-04,14.957639658125846,41.80469783559519
Machine 5,2023-05-16,19.429754588859325,30.96388850362424
Machine 3,2023-08-23,-0.6356080073369572,70.40981491543153
Machine 4,2023-05-09,7.15248292085437,32.32243920940791
Machine 5,2023-01-09,9.007231593073955,78.56543203449961
Machine 2,2023-01-10,-2.520896558976223,46.21462452838208
Machine 3,2023-05-30,18.971244030503804,55.23525359647971
Machine 5,2023-10-26,17.622174361405868,43.02671556813458
Machine 3,2023-07-02,7.6704891820028225,31.66036564005662
Machine 5,2023-02-12,3.600699423253822,51.84939122797766
Machine 3,2023-07-11,9.932655644482027,57.92541432437108
Machine 5,2023-12-05,8.21796900891706,88.85354906272869
Machine 4,2023-10-09,13.209720695901025,46.13847181272055
Machine 3,2023-05-08,4.3405178842270224,79.97674740553605
Machine 5,2023-10-02,-1.0502799324365562,72.73150327103485
Machine 4,2023-11-05,10.67387087113337,32.27726640996589
Machine 2,2023-02-26,7.090101822793121,37.08048644756596
Machine 5,2023-12-22,24.55725239706693,43.8823345253989
Machine 5,2023-06-08,16.248707464777038,86.8826900465782
Machine 5,2023-03-27,18.029894967955364,53.38611680487743
Machine 2,2023-09-19,11.914082797736958,59.98823945993141
Machine 1,2023-11-12,32.20488035966203,37.72437553839123
Machine 2,2023-05-24,17.658185146894795,87.77180198351292
Machine 1,2023-05-27,10.614114150192062,69.15645706328164
Machine 3,2023-01-25,29.344726494622577,65.83817062003774
Machine 2,2023-10-19,7.105177450601158,55.502163283521256
Machine 3,2023-05-27,28.2301295759758,68.47822346822538
Machine 2,2023-08-29,4.2757011816105965,69.37564861728023
Machine 5,2023-10-25,15.397809792863107,72.82558710209793
Machine 4,2023-10-02,30.552426140742043,78.30992031354799
Machine 2,2023-12-24,16.28227330824721,65.23837605312738
Machine 4,2023-03-10,11.075119108785293,89.19832652637753
Machine 5,2023-06-08,8.14944514663658,56.13615663363235
Machine 1,2023-06-22,8.100120577826168,73.99180931799455
Machine 5,2023-03-26,6.669231479654624,73.90587638738569
Machine 5,2023-02-19,29.54359247364094,36.73042415131315
Machine 4,2023-10-03,6.2174693629622055,65.55581806119697
Machine 5,2023-07-09,-2.127952998279371,80.58689462099133
Machine 3,2023-12-20,-3.013193772608445,70.92275001134665
Machine 5,2023-01-12,18.06693194501024,34.8218836014791
Machine 3,2023-03-19,11.353836966804248,42.83869868831423
Machine 3,2023-07-10,15.331612802645449,32.45592360548757
Machine 1,2023-04-09,20.646842772635445,75.7272974893548
Machine 2,2023-09-05,5.303093638753117,79.41319705982009
Machine 3,2023-04-23,34.29255711697907,83.52900949714589
Machine 4,2023-03-27,14.029794787392694,66.2096403914609
Machine 2,2023-02-22,5.675487726243951,41.51617827882596
Machine 3,2023-12-20,18.6183276633282,32.997223501788
Machine 1,2023-05-30,28.49939955527862,80.17813258562853
Machine 1,2023-11-23,24.926727409212297,45.00197420664513
Machine 2,2023-05-22,15.644394825980283,62.47266320976582
Machine 1,2023-02-28,18.537571285825518,77.14364854426891
Machine 2,2023-06-02,1.997162742040512,76.81375105173576
Machine 4,2023-07-01,17.584302738792616,44.71311552161153
Machine 4,2023-05-06,21.58938225875625,58.45351412780354
Machine 2,2023-04-21,12.322508949302158,49.63831976094208
Machine 2,2023-10-27,7.582562836759579,45.63417955816701
Machine 5,2023-03-13,26.028222433710084,81.86918668612383
Machine 5,2023-11-08,9.451053215836366,59.61323739063744
Machine 1,2023-06-10,16.032600241534087,55.32253496178437
Machine 5,2023-09-13,15.520492637442732,87.85476323655769
Machine 2,2023-06-18,6.314040332626584,46.32824004487474
Machine 5,2023-08-29,9.5086304926059,70.64034744196331
Machine 3,2023-10-05,28.21445522447596,36.061223933491135
Machine 1,2023-07-24,4.974644010000443,41.64844256225727
Machine 1,2023-02-26,9.687350548843892,71.55178501918516
Machine 1,2023-06-19,24.235589884565723,31.034742042099836
Machine 3,2023-04-28,19.42126837940669,58.80740591169506
Machine 5,2023-04-21,29.77827250985559,85.96125318077978
Machine 3,2023-08-11,-3.0866630673236584,38.653219030373634
Machine 5,2023-05-08,5.846453932747547,78.40909726720137
Machine 3,2023-01-03,21.75513109707952,66.54014928349537
Machine 2,2023-10-25,5.859924153811601,65.24011986862746
Machine 5,2023-08-27,10.028336048806768,79.20715895836709
Machine 1,2023-04-08,16.94456924457203,79.80299301017554
Machine 5,2023-11-12,19.62544668452589,31.26908350347589
Machine 3,2023-09-04,6.038001403179052,47.59158595314406
Machine 5,2023-01-15,15.023455233344588,31.361780009163176
Machine 5,2023-06-13,19.392320756695558,40.77385486532029
Machine 2,2023-03-29,30.521304537520216,86.85409386362446
Machine 5,2023-01-05,-4.578777057938043,68.07752837902433
Machine 2,2023-04-13,28.8900638391407,70.40472331300708
Machine 2,2023-08-28,14.971257985851768,60.29705640310761
Machine 4,2023-02-23,10.037672526722076,48.83522008282364
Machine 4,2023-02-25,28.01669893792907,50.15012785577596
Machine 3,2023-01-06,19.52077627786853,83.52374589992753
Machine 5,2023-11-05,9.011176821941516,80.85166582000666
Machine 4,2023-07-30,13.880475692388204,84.21570921009962
Machine 2,2023-03-07,18.66486350259183,31.35821085567748
Machine 3,2023-05-17,14.190104280052225,38.28285093681589
Machine 2,2023-01-15,0.5600774329807479,88.07519453060434
Machine 4,2023-07-18,28.26667886633308,76.65086319543718
Machine 5,2023-03-31,9.172322348315792,41.74066723196569
Machine 2,2023-05-04,17.85611686928792,55.01878228695252
Machine 2,2023-03-28,0.3039063355638882,53.6610496413485
Machine 3,2023-12-24,18.214318145891863,53.45793733240268
Machine 5,2023-10-02,1.9930475405324848,64.72039262754534
Machine 5,2023-09-07,17.039144880096742,73.16990940277944
Machine 1,2023-02-23,8.16976091087017,43.16597108654529
Machine 4,2023-03-19,10.936592761399485,53.52595381289986
Machine 2,2023-12-09,31.98233279852329,76.14827386238598
Machine 2,2023-08-07,11.261921336896997,58.72310035242892
Machine 2,2023-12-23,-4.073951742661476,55.98498310819146
Machine 3,2023-06-01,33.03173484416886,69.89469128608715
Machine 3,2023-08-13,24.19950933896166,78.2472925208364
Machine 5,2023-08-19,8.3428724468505,88.67778634257515
Machine 5,2023-10-03,14.515063583969711,59.32910256671346
Machine 5,2023-05-31,18.723984175242755,72.32354712241217
Machine 5,2023-01-18,13.032118788693774,86.90405591886912
Machine 4,2023-05-29,18.142523304643944,58.49454636629403
Machine 2,2023-04-29,9.868096315083426,31.06887094852467
Machine 2,2023-09-24,18.609694097804297,66.56774679415528
Machine 1,2023-11-14,9.098569048862728,79.52608981364304
Machine 2,2023-06-18,11.074411350581633,79.52782090339294
Machine 2,2023-08-29,17.05297486336583,57.49063767746167
Machine 3,2023-02-06,15.80981689712361,52.88396549599011
Machine 2,2023-03-23,31.83194235712953,35.66888472915164
Machine 1,2023-06-21,31.493672602574016,53.19935542478324
Machine 2,2023-11-16,-0.3043152203641037,40.29161455967585
Machine 4,2023-09-27,13.73882038590728,66.42651005560651
Machine 1,2023-07-18,7.122738302826088,59.51470290267635
Machine 2,2023-03-27,14.986374766798953,72.78470456062895
Machine 1,2023-05-12,15.096888103789336,72.48745734397377
Machine 2,2023-05-14,18.47256183270521,39.92500287646349
Machine 5,2023-06-25,-0.5000940004552392,69.25324382347222
Machine 2,2023-06-07,19.97902366773263,58.70592652701754
Machine 2,2023-04-14,19.434892621375152,53.01823616358886
Machine 3,2023-06-21,13.68676380053036,85.0625163801433
Machine 3,2023-09-20,9.991939711375537,34.540173379686955
Machine 4,2023-02-08,7.668597308172567,59.29139040336081
Machine 2,2023-02-20,18.440826834376924,43.90269926371492
Machine 4,2023-10-09,9.887473294658834,71.00464470611766
Machine 1,2023-09-18,9.029920596197853,41.12257264786667
Machine 5,2023-02-15,14.774180221468248,34.163218142644226
Machine 1,2023-10-13,15.951374449782849,87.84318043677119
Machine 4,2023-05-24,8.974323051335316,39.31073771449765
Machine 3,2023-08-20,3.171968645478687,42.29888624878589
Machine 5,2023-07-01,16.647061714308894,59.22473974312936
Machine 2,2023-03-17,23.546745303360105,71.51444754478456
Machine 1,2023-10-19,8.959599947368796,53.97724131227038
Machine 3,2023-05-04,19.057441997017182,66.93143133363947
Machine 1,2023-11-27,1.1195085810761205,61.69716341123839
Machine 5,2023-11-20,0.1469466924230653,83.78230542617574
Machine 1,2023-03-07,11.481469595161496,62.72210594158842
Machine 2,2023-08-27,6.95980384723241,83.85825442431255
Machine 4,2023-03-19,9.12425714412626,71.46977943967896
Machine 3,2023-05-31,7.761517669233799,41.944804503232646
Machine 2,2023-05-03,19.56680624574008,66.31946114781127
Machine 5,2023-03-06,10.704717092834208,57.38102837039164
Machine 1,2023-10-16,19.770940037454384,42.63885260367189
Machine 3,2023-03-16,10.658238042295832,68.34606188566278
Machine 2,2023-07-04,13.837667100980893,70.21886477018535
Machine 3,2023-08-02,5.808744858799609,54.01900875295543
Machine 2,2023-03-21,18.08390654875964,40.48524497816754
Machine 3,2023-03-17,12.364956055963496,73.23315669002956
Machine 2,2023-01-01,31.94371149574189,54.94816291537646
Machine 3,2023-10-12,18.592035483436455,75.08048405073622
Machine 4,2023-02-20,16.74510490335755,71.0010276008059
Machine 2,2023-01-12,9.313801810543264,59.019063906365645
Machine 5,2023-01-03,7.878713856300404,32.60227633979762
Machine 2,2023-09-25,21.12158524271737,63.71556787983712
Machine 5,2023-09-16,19.251283069972565,66.75965495507651
Machine 3,2023-02-07,11.257879342451975,38.7498638506646
Machine 5,2023-01-16,6.887385000037551,64.07346113716137
Machine 5,2023-10-09,0.3755497884349488,81.84178334428456
Machine 4,2023-08-08,7.951667757676825,41.47579892747595
Machine 1,2023-04-12,4.300334407300818,47.630933902066815
Machine 4,2023-02-04,23.915507599565323,64.8268944389994
Machine 1,2023-05-09,12.184634613593596,59.91384379432358
Machine 4,2023-03-27,5.00454878920876,62.62862905846623
Machine 3,2023-02-28,12.583693248833503,70.38864974538427
Machine 5,2023-03-20,4.313696443074685,61.30561843928712
Machine 2,2023-10-22,12.558054108393204,46.46662852422424
Machine 2,2023-12-15,15.434508212569709,55.49447575133679
Machine 4,2023-10-27,34.83414518394473,41.71617176118392
Machine 5,2023-06-10,15.456366021704312,66.65464925475337
Machine 5,2023-01-01,7.791267394307365,85.09095069066073
Machine 3,2023-09-11,2.3835325125493494,34.55243876996984
Machine 1,2023-10-18,7.110405007703202,36.70094565573688
Machine 4,2023-09-12,4.125338230826692,58.16072111481685
Machine 3,2023-04-13,19.75198059131749,44.15657706486478
Machine 2,2023-10-12,25.042048136461812,68.60975176118691
Machine 3,2023-09-17,11.895335226124285,76.10567532715288
Machine 3,2023-10-26,33.000642425596325,68.55486605101476
Machine 2,2023-07-24,18.092370937788388,87.36949590287625
Machine 4,2023-06-28,13.148268305268944,43.63519389385127
Machine 3,2023-04-09,15.188256053898977,43.85223589609237
Machine 4,2023-02-15,10.03475802600216,51.14876255240055
Machine 1,2023-03-16,32.63469797339245,78.68497236983308
Machine 1,2023-11-25,8.037366844784858,30.85852916842747
Machine 1,2023-11-05,26.980467498584776,69.22242678599137
Machine 3,2023-03-29,15.047107112582625,66.00263638847699
Machine 4,2023-03-20,15.685357998100873,83.86780135144843
Machine 2,2023-02-21,18.77589354145005,39.623135027262784
Machine 4,2023-03-16,-4.589668099201912,54.37749551090111
Machine 3,2023-07-21,23.87084671564489,31.12762099106537
Machine 4,2023-03-17,18.52773426831481,53.26817051357978
Machine 4,2023-06-15,16.506543067599964,81.2430598874574
Machine 1,2023-11-03,3.3394034163266646,43.52409938872152
Machine 3,2023-02-03,15.731629021798907,36.466293794503095
Machine 2,2023-04-06,17.1350292096919,79.35203711067501
Machine 4,2023-06-04,5.282987912410595,83.90611276235174
Machine 4,2023-08-25,29.135534275432573,89.62069043517334
Machine 2,2023-01-06,1.42444672199945,46.95952833733308
Machine 5,2023-06-21,19.989295906467564,55.4621376405005
Machine 3,2023-05-18,3.702346413437661,78.15093583256757
Machine 4,2023-04-22,32.08305881331761,37.88681741360462
Machine 3,2023-09-10,5.110650461623203,80.64105930575991
Machine 5,2023-10-17,12.892036746854693,30.88778939443964
Machine 2,2023-04-19,7.907177624907948,74.05709137098901
Machine 4,2023-02-05,6.247228560889143,41.87739508387794
Machine 1,2023-11-22,30.50073328551944,61.93214035471601
Machine 3,2023-04-17,12.55764960789714,45.289029897906246
Machine 5,2023-02-21,5.297724273073756,60.342964498367365
Machine 3,2023-04-12,9.23641670190607,45.08288051256717
Machine 5,2023-03-12,15.00642819430782,53.92096400330941
Machine 4,2023-02-04,26.53918887884617,58.96782173268121
Machine 4,2023-04-04,-2.6464004830677994,52.64844956770881
Machine 3,2023-12-10,16.765374060649044,55.17608251089391
Machine 1,2023-08-22,31.80095752541218,68.74517948304606
Machine 1,2023-08-22,9.02270343504487,62.24125932769272
Machine 3,2023-07-11,10.87361937642486,38.697627364897805
Machine 1,2023-08-17,31.92846877138254,40.95162490323449
Machine 5,2023-07-10,9.263550317882691,47.07389120805591
Machine 1,2023-07-12,11.14445608472058,62.06410091352845
Machine 4,2023-09-28,9.42043549807909,71.223965824262
Machine 2,2023-04-07,-3.1570897082531006,61.05516607618736
Machine 2,2023-04-26,25.32135224918272,31.5932757100522
Machine 5,2023-12-18,-2.052462355496191,73.65696309191657
Machine 5,2023-07-07,10.066184435485956,76.13230384022438
Machine 3,2023-05-20,25.88170098639104,69.14185456776927
Machine 3,2023-03-27,4.004401039955392,86.35160015558219
Machine 5,2023-08-21,-2.9746840950713023,88.3135262122406
Machine 1,2023-01-22,25.87157377177885,70.66335160621799
Machine 2,2023-12-09,19.90508735951878,86.12061471182534
Machine 5,2023-10-24,21.257511488117306,41.34724176111109
Machine 3,2023-10-28,-2.3332098563236943,40.90243928141676
Machine 4,2023-12-03,14.747934608782934,38.8294163433628
Machine 3,2023-03-27,5.078928039607978,83.28150288810764
Machine 5,2023-11-08,15.06840835153816,64.82323184837227
Machine 3,2023-12-12,9.770461009124912,55.45932324332167
Machine 2,2023-06-28,15.468860946756482,68.75642548062409
Machine 1,2023-02-13,17.391798145275423,53.17977879517051
Machine 4,2023-10-03,7.127020812274296,41.27768436927946
Machine 1,2023-08-08,0.0627498815812268,62.28353571678206
Machine 2,2023-12-13,19.73930257037996,30.547772692606458
Machine 3,2023-01-09,24.981344420698107,74.61542803564447
Machine 3,2023-06-21,9.530149733439524,80.53440408081377
Machine 4,2023-07-14,13.526921803899237,46.6055097423333
Machine 1,2023-07-03,10.965375735643386,38.88542250081135
Machine 1,2023-11-08,23.42755292960494,88.60495377924211
Machine 5,2023-01-24,16.843859958243524,72.69961278339647
Machine 1,2023-12-28,5.720137802738884,34.9731803051258
Machine 3,2023-11-14,24.832150983488365,30.006352728255894
Machine 5,2023-12-06,9.71294366020692,30.981441369649332
Machine 5,2023-04-02,30.464345733464047,34.72785853230243
Machine 2,2023-07-18,6.5517488619449615,78.13293514839748
Machine 2,2023-11-26,19.44079268154188,31.51790313108162
Machine 2,2023-02-13,6.598036406706059,80.47129565391691
Machine 4,2023-08-27,17.89568964497861,64.35038380277966
Machine 4,2023-05-07,14.63391962472364,68.09870606626114
Machine 3,2023-06-22,30.25096140504576,31.50055614303199
Machine 2,2023-02-06,0.7792759151140212,88.55536980923662
Machine 5,2023-05-09,7.942390623892974,77.02112789060222
Machine 5,2023-09-26,14.54103005159553,66.00962601621308
Machine 3,2023-07-15,8.36115927805562,80.88430339398911
Machine 2,2023-03-10,9.027547548887291,58.64913437331664
Machine 1,2023-03-19,-2.248971092612393,49.202515967754834
Machine 2,2023-05-11,11.31810950393443,38.95076350949483
Machine 2,2023-05-24,13.107001889847444,82.2276037694069
Machine 4,2023-12-17,30.7484681093363,85.73163041071211
Machine 4,2023-02-15,18.07905498379641,65.42416270586318
Machine 4,2023-03-25,25.382772100589115,76.59711481089104
Machine 2,2023-11-07,34.660731228424595,38.05557550315494
Machine 4,2023-04-21,3.685176666013275,67.37771592918361
Machine 3,2023-06-26,30.42072135591706,62.25936789419008
Machine 2,2023-10-25,1.7874083554583846,76.91483517491514
Machine 1,2023-03-06,9.599688370114643,63.268090214784536
Machine 3,2023-10-21,13.74930839589493,44.59477554460612
Machine 5,2023-05-01,15.666678889357176,66.7959300629166
Machine 5,2023-12-20,5.914848256390455,47.02046402704352
Machine 3,2023-10-12,31.858814741109324,45.80620833723086
Machine 1,2023-04-02,-3.829944131171457,49.669646846421706
Machine 1,2023-08-01,5.672120798636243,82.40357798941398
Machine 2,2023-06-14,8.250423118944987,39.521997494780656
Machine 5,2023-06-03,20.687170271961406,44.351614716481066
Machine 4,2023-10-29,6.913522397219879,64.02001908804638
Machine 4,2023-11-13,5.048932621676755,87.30168530094355
Machine 1,2023-08-28,13.649383982976747,55.53782179248611
Machine 4,2023-05-17,7.721056033286504,36.940260101753246
Machine 3,2023-07-23,16.177881505279956,72.17751849134896
Machine 3,2023-08-12,17.49075032775054,75.82900160000094
Machine 3,2023-12-25,-2.5009305690814374,65.2836518370186
Machine 3,2023-04-12,21.656234046337424,65.13310170756549
Machine 2,2023-01-26,9.7580960337225,36.217736606158645
Machine 3,2023-10-24,6.82008543614532,40.42756390700308
Machine 3,2023-08-02,25.69259295529914,68.72736598695968
Machine 4,2023-05-11,6.7612610093455565,37.28816733349502
Machine 3,2023-02-20,28.05410250420856,66.81740625975553
Machine 3,2023-07-20,17.736346924154923,59.92034690922255
Machine 1,2023-09-14,5.182109278786097,60.17405389875897
Machine 1,2023-09-19,17.263412741049628,36.00652374629691
Machine 1,2023-09-18,10.23627280605784,44.91793286604047
Machine 2,2023-06-07,9.929060987550155,83.21979724158605
Machine 1,2023-02-27,-2.3951262781474525,70.90545778713044
Machine 1,2023-09-29,31.348640650055703,43.81572322948074
Machine 5,2023-12-26,5.227576322911964,47.03699729374634
Machine 4,2023-02-18,19.276701440592745,46.806473633500985
Machine 3,2023-10-08,0.4562275755789464,66.82289699322165
Machine 1,2023-09-02,2.658717783797182,61.3660304285828
Machine 1,2023-11-20,6.184234749834525,55.8725570169521
Machine 5,2023-05-24,7.470815183904536,77.36745620827314
Machine 1,2023-08-13,31.411243273226766,39.4367481658505
Machine 5,2023-09-07,15.461603940063297,37.84169765422608
Machine 3,2023-05-11,7.226304451461116,40.53863908195424
Machine 1,2023-08-02,18.909818032392845,75.06786170990395
Machine 5,2023-08-08,13.170283210087316,62.18634924960101
Machine 4,2023-09-18,12.826993039970404,72.48104586004499
Machine 5,2023-05-20,13.996375742364572,88.09069513614713
Machine 5,2023-03-28,15.767010050581437,67.48237235093498
Machine 4,2023-02-28,13.444647937605648,43.55605709158571
Machine 1,2023-07-07,29.53747860510776,34.09849745564487
Machine 3,2023-03-10,32.875819103052535,80.41938740292157
Machine 2,2023-11-26,5.368052019867873,42.431655064991176
Machine 4,2023-07-10,14.578817771133885,37.19159443869266
Machine 5,2023-10-10,29.463965140651005,68.54840322129648
Machine 3,2023-06-02,18.60310245223381,57.553513872580666
Machine 2,2023-11-23,-3.41745281351348,42.04259884162865
Machine 4,2023-08-18,0.0716689994028643,82.15073305704203
Machine 1,2023-12-31,15.679048663521256,49.24486767255631
Machine 2,2023-12-05,16.287761779217995,58.21780744781832
Machine 3,2023-01-01,15.22143528058372,46.56359677199577
Machine 3,2023-10-01,2.6268072702530443,47.99376397598895
Machine 5,2023-06-12,13.837293987951988,77.94547061304866
Machine 4,2023-09-13,18.49650056590754,62.58889974663838
Machine 5,2023-08-30,29.06120225209657,66.56659615323926
Machine 2,2023-12-31,8.260736769601083,57.791490203869216
Machine 1,2023-04-13,12.433371171293054,85.23131301949905
Machine 4,2023-04-21,7.170993096979622,75.12383967716929
Machine 5,2023-06-28,6.606036271765662,46.58087609910321
Machine 5,2023-12-08,27.19776537797836,57.6342957090105
Machine 2,2023-11-15,16.881851471308273,76.07829861351628
Machine 1,2023-08-30,17.132900309088832,43.39112877261789
Machine 4,2023-03-11,15.758905858786497,38.03777708706544
Machine 1,2023-07-26,6.7242986540916405,84.92243898119274
Machine 4,2023-04-04,6.125282602589833,62.18576805410613
Machine 5,2023-07-07,19.685413525981502,37.97886616437538
Machine 2,2023-12-15,3.830343957644512,55.18468498330354
Machine 5,2023-06-22,32.73709572348123,41.03351230663393
Machine 4,2023-02-11,0.6520189958938314,53.98542040864395
Machine 2,2023-09-18,2.453076756587934,53.46576347716416
Machine 5,2023-12-04,17.235785519552508,68.8500782730742
Machine 1,2023-07-31,33.84297235542945,42.22924359120188
Machine 5,2023-04-03,4.346642063279939,35.521327421867184
Machine 2,2023-11-29,7.871183578180553,84.63463534835164
Machine 1,2023-04-18,26.177896647520107,46.465832126200375
Machine 1,2023-05-05,1.1687333454269808,76.35788826707612
Machine 2,2023-09-12,10.145415176028225,87.09827249010452
Machine 1,2023-06-02,15.246585185949218,54.05020826335058
Machine 5,2023-08-08,21.584462054812416,72.20469635343781
Machine 3,2023-12-25,6.437149538432159,56.85417194531815
Machine 5,2023-12-04,16.904420869843204,51.44235094082803
Machine 5,2023-06-01,20.885794868228476,72.17133816251095
Machine 4,2023-01-25,5.903590662986463,83.67944291779855
Machine 1,2023-03-18,26.804093801925134,39.9566705896664
Machine 1,2023-06-13,9.45536231231612,45.34276251532916
Machine 1,2023-02-19,18.214492126174527,85.67771697793738
Machine 2,2023-08-04,-2.5545241269108554,40.93083498059416
Machine 5,2023-08-03,16.622838328781036,53.2148826471809
Machine 4,2023-01-07,-0.1636825566800546,52.09292259749532
Machine 4,2023-05-21,15.945404816472504,87.20663676451319
Machine 1,2023-02-01,6.773539593109634,87.37806954162261
Machine 3,2023-01-25,23.22259305443912,46.12550079378178
Machine 4,2023-01-14,27.982153007404115,58.56927960523636
Machine 2,2023-01-03,17.827951227205105,65.19775312560806
Machine 1,2023-08-06,5.078573854296767,45.07558656646842
Machine 1,2023-05-17,5.136376793382008,73.01262132369558
Machine 5,2023-05-17,7.725613435840537,54.67427964798175
Machine 5,2023-10-08,17.41952719749292,63.13156972823018
Machine 2,2023-06-18,18.38395043412511,78.85352207671124
Machine 4,2023-05-08,9.453611711456825,60.13887298249676
Machine 2,2023-06-27,1.6892722431612892,62.51610164779037
Machine 1,2023-07-06,5.377520068207494,34.133670261846085
Machine 2,2023-10-08,18.58964309287485,59.011251582484206
Machine 1,2023-11-23,4.422626105847588,67.94342954518403
Machine 5,2023-08-24,8.489275851068658,49.92793204954356
Machine 3,2023-09-07,19.055211839492177,30.898280508285
Machine 5,2023-09-21,8.97498643016319,89.95258551265661
Machine 5,2023-04-09,7.253802045122825,42.51208909834366
Machine 4,2023-06-11,-1.0504468773756144,89.17977199782248
Machine 1,2023-04-22,14.074789386762712,80.65337526392366
Machine 5,2023-11-22,25.29129616860361,83.2665209741937
Machine 2,2023-06-26,13.623528171737869,60.51676558493738
Machine 1,2023-06-03,27.696840779641303,88.41075657564613
Machine 2,2023-12-30,22.03271009875355,80.88057269304448
Machine 5,2023-02-05,8.565255706937808,45.844781660847936
Machine 4,2023-08-29,6.413758866976536,52.6946555684309
Machine 1,2023-06-12,26.88767776723991,77.57605168237953
Machine 1,2023-10-25,7.621735529826137,70.48477826010881
Machine 1,2023-08-05,-4.663196545968822,66.36917732607442
Machine 5,2023-08-13,18.331263347215327,45.46186144432909
Machine 3,2023-05-06,7.820527271081826,31.995934271045133
Machine 4,2023-12-09,17.97634290971965,39.98752350733675
Machine 3,2023-05-26,31.13042411526041,47.95880006274568
Machine 2,2023-04-30,12.950933794779942,61.72776260148368
Machine 5,2023-09-09,14.052824557506176,59.3305653209791
Machine 2,2023-06-15,34.68133617518734,58.80759939513211
Machine 3,2023-01-19,21.878812784552604,73.0223861892354
Machine 2,2023-03-24,8.134221436675915,56.98196335044534
Machine 4,2023-12-02,0.9285399448172368,72.95276199439796
Machine 3,2023-12-31,7.009193804827161,77.9261924866351
Machine 1,2023-11-12,17.445022297374553,44.23593626030502
Machine 2,2023-05-04,18.35695545720345,62.04381840296922
Machine 2,2023-08-26,11.37162851372798,76.96255974888561
Machine 5,2023-03-27,24.58282800344315,35.69012935378587
Machine 5,2023-04-17,15.380707986734926,45.60092911639015
Machine 5,2023-11-22,31.63941935643583,71.18183167840314
Machine 5,2023-01-19,15.992983814656698,34.00373478042576
Machine 5,2023-12-19,13.879860420828468,36.91433764250087
Machine 1,2023-01-22,9.739454776746708,76.94108760219123
Machine 4,2023-07-29,15.495170511683655,41.37179225549702
Machine 4,2023-05-13,-1.8564566565432608,59.832379426703234
Machine 2,2023-03-04,22.13160965701468,66.1107194199605
Machine 3,2023-08-06,4.974558160736878,58.15187517739444
Machine 3,2023-09-07,15.59923600546984,89.29346337706049
Machine 3,2023-04-24,7.669008693411815,31.12369569956887
Machine 2,2023-05-17,5.397646065035115,42.71560251350813
Machine 3,2023-04-24,14.55115039803082,38.77054391081441
Machine 5,2023-04-24,21.6473918558436,31.466389003285343
Machine 3,2023-03-04,33.99514006071227,37.87825600743409
Machine 1,2023-07-23,8.122990082921486,42.412009539904666
Machine 5,2023-03-27,6.526524617859188,58.99883093392397
Machine 3,2023-09-04,12.691596282120411,49.82808802756182
Machine 1,2023-07-02,3.185177489992597,89.67094999901565
Machine 2,2023-01-04,29.00215968416451,79.2772892377965
Machine 2,2023-06-21,28.985465971660915,64.45528106417962
Machine 2,2023-11-18,11.433583492297776,71.1536782256972
Machine 5,2023-07-14,18.740985537776027,40.03700856119493
Machine 1,2023-07-18,31.88681697991001,46.51666215524671
Machine 5,2023-02-26,17.317981664708924,78.03019333870694
Machine 3,2023-07-01,10.566472156502908,81.73871272867615
Machine 3,2023-03-21,-1.781281393673169,85.05011753815833
Machine 4,2023-07-20,22.072962735596647,86.00688933622013
Machine 2,2023-04-25,-1.2157927864969371,70.59464403348997
Machine 1,2023-09-11,34.22489823744574,41.67026751546464
Machine 2,2023-01-08,17.33955454987519,64.91820233108348
Machine 1,2023-09-26,2.1278376004634705,58.12680431202799
Machine 4,2023-11-18,5.95365972342433,74.64341927360189
Machine 4,2023-09-13,30.227219368004874,72.40282347967866
Machine 2,2023-08-06,7.965910529143812,72.626490054746
Machine 4,2023-07-28,24.594475989694068,45.54065479937307
Machine 4,2023-10-12,17.32774133555874,44.5539457936247
Machine 3,2023-09-03,16.2241162267439,46.7720907677625
Machine 1,2023-05-22,-0.9394417702258088,79.44539224513245
Machine 5,2023-04-25,18.843244059686377,65.88691268556062
Machine 5,2023-10-05,9.130523195195382,37.144396110252174
Machine 3,2023-10-02,19.479503711861422,40.179521101458434
Machine 2,2023-08-24,12.266726892268656,50.84137537401103
Machine 2,2023-12-11,29.886587240273656,47.61246403008481
Machine 5,2023-10-31,8.439784282947397,87.79360659458172
Machine 5,2023-02-27,-4.822096209369594,88.50467551310663
Machine 3,2023-10-19,16.423197520522365,46.93778084925705
Machine 1,2023-01-09,8.877604913685618,86.95971770995226
Machine 2,2023-03-04,-0.0026268096332966,52.13990261614256
Machine 1,2023-01-07,11.89599711951602,51.220603502186286
Machine 1,2023-03-08,25.92915431011631,63.57749712405617
Machine 3,2023-04-16,30.585538849359445,75.0241204899514
Machine 1,2023-03-08,26.36422954503368,88.1569398966959
Machine 2,2023-04-28,8.568512583933948,43.819988268024645
Machine 3,2023-11-10,3.65441668080488,63.9250966230837
Machine 5,2023-08-01,-3.3186626663721257,77.41674859522519
Machine 4,2023-04-04,16.23561134903733,45.96637302936164
Machine 1,2023-01-22,30.847692131649872,55.56264839766972
Machine 2,2023-07-07,19.252350625213385,66.6344913978266
Machine 4,2023-05-23,23.70824552947528,34.045520254798745
Machine 5,2023-02-16,19.67643154465645,33.11300292998171
Machine 4,2023-07-08,-2.59600594354654,40.57958547786587
Machine 5,2023-01-22,17.773714694536874,31.64930309644121
Machine 5,2023-09-12,5.769140240173584,71.3124067406608
Machine 4,2023-06-24,-4.651125546297287,59.09078229309891
Machine 3,2023-06-04,11.68493887059143,85.16723337219352
Machine 4,2023-10-01,16.661015473889563,64.80509580389167
Machine 1,2023-04-21,7.246997874209454,73.1233919799088
Machine 5,2023-02-10,7.576371591291807,84.15417039553068
Machine 1,2023-12-25,25.40996110052584,84.34200976819832
Machine 3,2023-03-05,18.582266262788764,31.223604236601577
Machine 1,2023-02-19,27.47140140036348,68.67025411327798
Machine 2,2023-01-23,16.47085144253959,53.88474718538229
Machine 5,2023-03-08,-2.6196510048986346,77.98783985958877
Machine 5,2023-10-04,22.725671372106284,61.19538352578016
Machine 2,2023-12-24,6.882810567194992,74.23555270749372
Machine 1,2023-05-05,16.21053678484327,42.27097584165294
Machine 2,2023-04-09,15.576006911467497,58.057531490430186
Machine 1,2023-03-13,32.4894184380328,33.88075282567152
Machine 4,2023-06-25,-3.367473399346034,71.42935394548144
Machine 2,2023-07-17,14.219759223372622,73.50648062246401
Machine 1,2023-02-06,17.1675162749561,46.276395897335576
Machine 5,2023-11-14,13.970028334400627,71.84346894367386
Machine 4,2023-06-05,17.486691733485003,83.27619419699298
Machine 3,2023-08-12,15.257744357430925,59.40759550440156
Machine 3,2023-12-02,6.943356594091812,84.70927931996766
Machine 5,2023-05-31,5.230857094589748,62.41740927477996
Machine 4,2023-02-07,21.748686011993875,44.88091195049485
Machine 2,2023-12-09,32.065661458643575,73.4871903041701
Machine 5,2023-08-10,5.2387745507431,47.23536324983503
Machine 1,2023-08-25,17.74800248133344,76.19934997964074
Machine 4,2023-09-12,18.872122503581867,75.57303106878555
Machine 4,2023-07-16,13.1291453910124,35.24157549071965
Machine 5,2023-07-07,4.674813676458696,39.31404347117365
Machine 4,2023-09-29,7.5041889788359,67.75362817433917
Machine 5,2023-08-19,-3.823515483611361,50.706894389771016
Machine 1,2023-08-02,28.10487752627826,46.967422621531
Machine 5,2023-05-31,15.539290846311037,44.555265051137255
Machine 3,2023-07-23,14.331577760722908,42.395348760047575
Machine 5,2023-03-01,0.3760974203615266,61.50794833102511
Machine 4,2023-03-20,9.839185551700504,62.20816341038028
Machine 4,2023-09-22,18.082140188528864,89.87796434894395
Machine 5,2023-01-30,16.146162489000865,72.26525483709581
Machine 5,2023-06-23,25.292347658819523,60.79802018891015
Machine 3,2023-04-02,22.62458594967599,48.07609387697825
Machine 5,2023-08-03,12.25042345730629,34.01660225382871
Machine 3,2023-12-19,19.563867895028928,76.41670038000805
Machine 3,2023-12-02,8.535939498888682,74.87706948353696
Machine 5,2023-05-07,5.467209729701567,56.441558572527526
Machine 2,2023-01-01,14.6239522242575,85.76996765713604
Machine 3,2023-02-27,6.005286469331036,81.19023135269288
Machine 3,2023-10-21,10.18959434356805,80.74776615403918
Machine 4,2023-10-08,16.543186397528338,71.27960376498461
Machine 1,2023-02-05,17.8105468485531,75.94010305763463
Machine 5,2023-02-15,10.282987994104763,42.94708598464906
Machine 1,2023-05-13,17.37016557741972,88.44560381792294
Machine 4,2023-12-27,11.837973095206184,47.27164828078807
Machine 3,2023-04-21,8.482111597401971,34.02548795905267
Machine 4,2023-06-28,29.632781590265072,83.80570990870277
Machine 3,2023-11-23,10.1124874083042,75.33554959671643
Machine 5,2023-06-04,9.582542196579716,49.60710785327048
Machine 3,2023-02-11,18.858805557254893,48.98488584491846
Machine 2,2023-04-24,26.259789435897563,47.44974114004599
Machine 1,2023-06-19,5.075914116953434,50.78653522913122
Machine 1,2023-07-23,22.2352472534904,55.68151928881556
Machine 2,2023-04-25,-0.6918156649163105,47.9196939474445
Machine 1,2023-04-09,22.297018889577245,31.339050925902196
Machine 3,2023-03-04,17.26434891030522,68.10021861415999
Machine 2,2023-09-06,5.114396714340186,66.50348134882789
Machine 2,2023-07-27,-0.3935750103485755,53.16842002698346
Machine 3,2023-09-20,7.209082592218309,61.18470305264644
Machine 4,2023-07-31,7.732727391309559,39.42769920461381
Machine 4,2023-03-10,16.21600019026205,84.59103294745151
Machine 5,2023-01-02,16.682422257055332,53.20957266055517
Machine 3,2023-06-08,-3.8086413706726647,86.24322490878467
Machine 5,2023-03-01,5.266711313509097,30.39703028532873
Machine 5,2023-08-17,5.403671900071596,72.30921535622326
Machine 1,2023-05-29,28.89508739153961,69.71166987936252
Machine 4,2023-09-29,-1.5392199174823062,70.54711000715201
Machine 1,2023-01-11,5.418543010321475,63.67912066475009
Machine 4,2023-02-03,18.310047970610007,32.20448121187232
Machine 1,2023-03-24,17.144623611055483,73.72593025035306
Machine 3,2023-01-11,5.03453529768392,82.09611491333186
Machine 4,2023-05-30,28.258446874106447,55.85885670669498
Machine 1,2023-03-21,18.08302372607545,60.78963678697757
Machine 5,2023-09-22,1.2434854218104476,77.40509503258521
Machine 5,2023-10-11,9.174202124529558,40.34017211491049
Machine 5,2023-09-30,19.168685051744717,36.74531683916279
Machine 4,2023-12-29,13.590445545161066,73.71473678799371
Machine 4,2023-04-19,15.27648567686766,46.20827964748112
Machine 5,2023-12-20,2.874774945864964,88.67132948158266
Machine 3,2023-04-03,6.091475085210742,55.4964326471826
Machine 1,2023-04-20,13.724372017974671,65.6134408851804
Machine 5,2023-10-23,15.62525480907,44.47749950103868
Machine 4,2023-10-14,9.07699262511102,31.27593463825516
Machine 5,2023-05-26,11.870833519192214,81.62822605895681
Machine 2,2023-11-05,10.317914844325216,83.27774901258822
Machine 5,2023-05-26,14.616503006314522,58.700246134507736
Machine 2,2023-09-03,-1.0726622927470908,37.156352394928895
Machine 1,2023-08-03,11.695017534060389,72.59035385990501
Machine 5,2023-02-27,13.99019232822033,42.13195296056627
Machine 4,2023-09-18,29.63599395307892,79.94606898926497
Machine 2,2023-09-27,17.189164157561905,45.14972135212184
Machine 3,2023-11-28,-3.103774879596259,58.479725596899925
Machine 5,2023-04-18,17.269339233636813,44.84590508546263
Machine 4,2023-06-17,27.543765176498056,41.896257883143136
Machine 3,2023-02-14,8.743341872356826,50.502974899783325
Machine 3,2023-11-12,6.976760864938394,66.55030685909065
Machine 2,2023-03-07,21.8811953585109,71.72590408967412
Machine 2,2023-05-03,7.893402481858464,80.14146277026293
Machine 1,2023-03-20,8.20967404053411,45.52110583372008
Machine 4,2023-03-11,28.499683671717765,79.37934275804146
Machine 2,2023-07-19,15.664283991325522,37.79239088299384
Machine 3,2023-01-11,19.245984027887825,45.60185965326881
Machine 3,2023-12-25,2.374077300310332,48.153131795346056
Machine 3,2023-04-17,24.51444037624573,62.60357908318456
Machine 3,2023-02-15,5.29153286915767,59.03247226601344
Machine 2,2023-11-18,10.4841032213287,64.68983624409
Machine 2,2023-12-31,-1.210095898676531,72.23233181622109
Machine 4,2023-10-11,19.842983397494336,56.24711574976905
Machine 1,2023-06-17,3.409354203659655,58.84901474191204
Machine 1,2023-12-24,24.143512089580945,86.74023731509527
Machine 3,2023-03-03,22.31094414150081,77.43892882349368
Machine 1,2023-06-12,5.640104937086065,73.07637173146745
Machine 1,2023-02-21,5.388831436386528,57.60297967126432
Machine 1,2023-08-20,13.991990271925006,84.80362847564169
Machine 2,2023-12-10,24.803880271866756,72.00011944648323
Machine 3,2023-01-07,29.1477296189674,32.09191433284538
